{"centroids": [[19.18018607502061, 72.85057947485573], [30.69861590376407, 76.80133292782305], [13.106925558472554, 80.19953803659507], [22.550070992575225, 88.35303054279015], [17.400493826068907, 78.40288316936488], [12.999878330598852, 77.60000368170631], [18.550878924116013, 73.85255871315057], [28.651106046855734, 77.04533405096589], [18.929878402658325, 72.8473612595778], [12.901137704097117, 80.2005104552352]], "cluster_risk_ranks": {"0": 98.86893331535805, "1": 100.0, "2": 99.09666426157602, "3": 98.4071445711961, "4": 99.51044704453112, "5": 99.6828098406313, "6": 98.69075864718307, "7": 98.98023047730582, "8": 97.85569021259656, "9": 99.07179207243665}, "weights": [-1.0637618109053998e-05, -0.00018999368378557884, -0.02128659664917337, -0.05114804805088809, -0.0006991685510960356, 0.00425756359358751, -0.00046754070157686617], "bias": 0.45576492856769013}